Serial,Last_Updated
D30JXB0D_ROCAMA,2025-06-25 15:15:27
D30JXB0G_ROCAMA,2025-06-25 15:15:29
D30JXB0F_ROCAMA,2025-06-25 15:15:29
D30JXB0G_ROCAM,2025-06-25 15:22:10
D30JXB0F_ROCAM,2025-06-25 15:21:36
D30JXB0D_ROCAM,2025-06-25 15:22:09
D30JXAFH_ROCAMA,2025-06-25 17:35:55
D30JXF65_ROCAMA,2025-06-25 17:35:56
D30JXAZ5_ROCAMA,2025-06-25 17:35:58
D30JXA7A_ROCAMA,2026-06-12 20:53:46
D30JX4FD_ROCAMA,2026-06-12 20:53:46
D30JXB0N_ROCAMA,2026-06-12 20:53:49
D30JX4FB_ROCAMA,2026-06-12 20:53:50
D30JXB0M_ROCAMA,2026-06-12 20:53:51
D30JXF4X_ROCAMA,2026-06-12 20:53:51
